actual,proposed
0.30000463128089905,0.20000000298023224
0.3015044629573822,0.20000000298023224
0.30300432443618774,0.20000000298023224
0.3045041859149933,0.20000000298023224
0.30600404739379883,0.20000000298023224
0.30750390887260437,0.20000000298023224
0.3090038001537323,0.20000000298023224
0.15238399803638458,0.19793976843357086
0.15276455879211426,0.19676174223423004
0.15529286861419678,0.19559378921985626
0.15776026248931885,0.19442863762378693
0.1601690798997879,0.19328387081623077
0.15519747138023376,0.19206903874874115
0.1531791090965271,0.1908753216266632
0.1467219442129135,0.18965595960617065
0.13588865101337433,0.18838873505592346
0.12945690751075745,0.18708737194538116
0.11864502727985382,0.1857454776763916
0.10351292043924332,0.18430978059768677
0.0841178223490715,0.18276642262935638
0.06923216581344604,0.18114440143108368
0.05006934329867363,0.17940649390220642
0.026684356853365898,0.17753145098686218
0.003488851711153984,0.17552421987056732
0.0,0.17341496050357819
0.0,0.1711472123861313
0.0,0.16869355738162994
0.0,0.16605128347873688
0.0,0.1632668524980545
0.0,0.1603371948003769
0.0,0.15727342665195465
0.0,0.15406997501850128
0.0,0.1507699340581894
0.0,0.1473405510187149
0.0,0.1437864601612091
0.0,0.14017820358276367
0.0,0.13647128641605377
0.0,0.13268154859542847
0.0,0.12884078919887543
0.0,0.12491390109062195
0.0,0.12093479931354523
0.0,0.11693848669528961
0.0,0.11289221793413162
0.0,0.10882875323295593
0.0,0.1047801598906517
0.0,0.10071028023958206
0.0,0.09665481746196747
0.0,0.0926087275147438
0.0,0.08857353031635284
0.0,0.08454747498035431
0.0,0.08056067675352097
0.0,0.07667691260576248
0.0,0.07292240858078003
0.0,0.06932611018419266
0.0,0.06584925204515457
0.0,0.06248699128627777
0.0,0.05923523008823395
0.0,0.05608970299363136
0.0,0.05307856574654579
0.0,0.05016452446579933
0.0,0.0
0.0,0.0
0.0,0.0
0.0,0.0
0.0,0.0
0.0,0.0
0.0,0.126715287566185
0.0,0.12566466629505157
0.00997406430542469,0.12475866079330444
0.022319070994853973,0.12396255135536194
0.043141577392816544,0.12333668768405914
0.05925390496850014,0.12284503132104874
0.075090691447258,0.1224779486656189
0.09938178211450577,0.12229835242033005
0.11894083023071289,0.122270867228508
0.1294858455657959,0.12232175469398499
0.15294551849365234,0.1225469559431076
0.1629919409751892,0.12284547835588455
0.17725719511508942,0.12324206531047821
0.19132819771766663,0.12373892962932587
0.20085477828979492,0.12429918348789215
0.20590564608573914,0.12489049136638641
0.2109055519104004,0.12550713121891022
0.22021591663360596,0.12618248164653778
0.2207016497850418,0.12685124576091766
0.22556547820568085,0.12754575908184052
0.2260282337665558,0.12823225557804108
0.22215233743190765,0.12887799739837646
0.21835651993751526,0.12948743999004364
0.20591920614242554,0.12999433279037476
0.20239366590976715,0.13047009706497192
0.1858556866645813,0.13081347942352295
0.17391927540302277,0.13106267154216766
0.1577950268983841,0.1311914026737213
0.13753558695316315,0.13117124140262604
0.11754992604255676,0.13100166618824005
0.09782540798187256,0.13069233298301697
0.07399089634418488,0.13021418452262878
0.04609508067369461,0.12953941524028778
0.018543172627687454,0.1286701112985611
3.7017241993453354e-05,0.12768496572971344
0.0,0.12635594606399536
0.0,0.1247936338186264
0.0,0.12296940386295319
0.0,0.12092583626508713
0.0,0.11879763007164001
0.0,0.11632944643497467
0.0,0.11369301378726959
0.0,0.11086096614599228
0.0,0.10783592611551285
0.0,0.10475745052099228
0.0,0.10136396437883377
0.0,0.09779661148786545
0.0,0.09409111738204956
0.0,0.09025220572948456
0.0,0.08631455898284912
0.0,0.08228055387735367
0.0,0.07815274596214294
0.0,0.07406218349933624
0.0,0.07007135450839996
0.0,0.0
0.0,0.0
0.0,0.0
0.0,0.0
0.0,0.0
0.0,0.0
0.0,0.0
0.0,0.0
0.0,0.0
0.0,0.0
0.0,0.0
0.0,0.1219884604215622
0.0,0.11980289220809937
0.0,0.11776173859834671
0.0,0.11586184799671173
0.0,0.11409734189510345
0.0,0.11246208101511002
0.0,0.11098555475473404
0.0,0.10966340452432632
0.0,0.10848701745271683
0.0,0.10745308548212051
0.0,0.10655706375837326
0.0,0.10576295107603073
0.0,0.10503188520669937
0.0,0.10439714044332504
0.0,0.1038544699549675
0.0,0.10339929163455963
0.004526791628450155,0.1030304878950119
0.014730039983987808,0.10274383425712585
0.024763567373156548,0.10253855586051941
0.030275912955403328,0.10237711668014526
0.031334370374679565,0.10222742706537247
0.036721475422382355,0.10212107747793198
0.037659935653209686,0.10202427208423615
0.03857304900884628,0.10193581879138947
0.04817967116832733,0.10192162543535233
0.05328323692083359,0.10194525867700577
0.06266822665929794,0.10203903168439865
0.05884190648794174,0.10210364311933517
0.050709523260593414,0.102107934653759
0.03832881897687912,0.10201895982027054
0.030473140999674797,0.10187526047229767
0.027074240148067474,0.10170994699001312
0.019349420443177223,0.10149018466472626
0.01607506535947323,0.10125166177749634
0.012827565893530846,0.10099304467439651
0.013964492827653885,0.10074875503778458
0.006347143556922674,0.10045231133699417
0.0031744157895445824,0.10013903677463531
2.2924399672774598e-05,0.09980766475200653
0.0,0.09946002066135406
0.0,0.09906402230262756
0.0,0.09865270555019379
0.0,0.09819484502077103
0.0,0.09772401303052902
0.24316257238388062,0.09724073112010956
0.24158048629760742,0.19851849973201752
0.240006223320961,0.19868424534797668
0.238438680768013,0.19883760809898376
0.2412363886833191,0.19901131093502045
0.23962022364139557,0.19917438924312592
0.23801171779632568,0.1993221640586853
0.23641033470630646,0.19946421682834625
0.23481501638889313,0.19958600401878357
0.2332252711057663,0.19969691336154938
0.23164063692092896,0.199798583984375
0.22570110857486725,0.19985845685005188
0.21546685695648193,0.19984228909015656
0.2053537666797638,0.19975592195987701
0.19535592198371887,0.1995965540409088
0.18110856413841248,0.19934062659740448
0.16702581942081451,0.1989847719669342
0.15309925377368927,0.19853560626506805
0.13932135701179504,0.19799205660820007
0.12132584303617477,0.1973324418067932
0.10352461785078049,0.19655239582061768
0.08154941350221634,0.19562479853630066
0.06416923552751541,0.1945926696062088
0.03823497146368027,0.1933811455965042
0.012577012181282043,0.19200672209262848
0.0,0.19044457376003265
0.0,0.18871977925300598
0.0,0.18681301176548004
0.0,0.18473085761070251
0.0,0.1824451982975006
0.0,0.17995470762252808
0.0,0.17730620503425598
0.0,0.17453894019126892
0.0,0.17157569527626038
0.0,0.16843558847904205
0.0,0.165155291557312
0.0,0.1617986559867859
0.0,0.15837223827838898
0.0,0.15483513474464417
0.0,0.1512017846107483
0.0,0.14746637642383575
0.0,0.14363540709018707
0.0,0.13977526128292084
0.0,0.13585247099399567
0.0,0.13190166652202606
0.0,0.12808287143707275
0.0,0.20000000298023224
0.0,0.20000000298023224
0.0,0.20000000298023224
0.0,0.20000000298023224
0.0,0.20000000298023224
0.0,0.20000000298023224
0.0,0.20000000298023224
0.0,0.20000000298023224
0.0,0.1973038762807846
0.0,0.1947137713432312
0.0,0.19222693145275116
0.0,0.18987129628658295
0.0,0.18767257034778595
0.0,0.18556319177150726
0.0,0.18356968462467194
0.0,0.18165646493434906
0.0,0.1797880083322525
0.0,0.17799371480941772
0.0,0.17623960971832275
0.0,0.1745559275150299
0.0,0.17293794453144073
0.0,0.1713550090789795
0.0,0.16977307200431824
0.0,0.16818837821483612
0.0,0.16660059988498688
0.0,0.16507656872272491
0.0,0.1635790765285492
0.0,0.16210991144180298
0.0,0.16063128411769867
0.09990354627370834,0.15911580622196198
0.0964675024151802,0.20000000298023224
0.10171008110046387,0.20000000298023224
0.10679329186677933,0.20000000298023224
0.1073642298579216,0.20000000298023224
0.11220724880695343,0.20000000298023224
0.11254680156707764,0.20000000298023224
0.1171669065952301,0.20000000298023224
0.1172918826341629,0.20000000298023224
0.11734601855278015,0.20000000298023224
0.12169082462787628,0.20000000298023224
0.11719101667404175,0.20000000298023224
0.11269049346446991,0.20000000298023224
0.10382921248674393,0.20000000298023224
0.0993848368525505,0.20000000298023224
0.09493425488471985,0.20000000298023224
0.0861181765794754,0.20000000298023224
0.07735525071620941,0.20000000298023224
0.06864213943481445,0.20000000298023224
0.05561661347746849,0.20000000298023224
0.04269520938396454,0.20000000298023224
0.029871657490730286,0.20000000298023224
0.021500252187252045,0.20000000298023224
0.013155543245375156,0.20000000298023224
0.004835963249206543,0.20000000298023224
0.18126925826072693,0.20000000298023224
0.17852817475795746,0.20000000298023224
0.17804427444934845,0.20000000298023224
0.17546765506267548,0.20000000298023224
0.17300528287887573,0.20000000298023224
0.15865902602672577,0.20000000298023224
0.14754478633403778,0.20000000298023224
0.13648511469364166,0.20000000298023224
0.12547548115253448,0.20000000298023224
0.11015394330024719,0.20000000298023224
0.09057701379060745,0.20000000298023224
0.07987604290246964,0.20000000298023224
0.0648445338010788,0.20000000298023224
0.04553968459367752,0.20000000298023224
0.030735261738300323,0.20000000298023224
0.016003474593162537,0.20000000298023224
0.00569842429831624,0.20000000298023224
0.0,0.20000000298023224
0.0,0.20000000298023224
0.0,0.20000000298023224
0.0,0.20000000298023224
0.0,0.20000000298023224
0.0,0.20000000298023224
0.0,0.20000000298023224
0.0,0.20000000298023224
0.0,0.20000000298023224
0.0,0.20000000298023224
0.0,0.20000000298023224
0.0,0.20000000298023224
0.0,0.20000000298023224
0.0,0.20000000298023224
0.0,0.20000000298023224
0.0,0.20000000298023224
0.0,0.20000000298023224
0.0,0.20000000298023224
0.0,0.20000000298023224
0.0,0.19759701192378998
0.0,0.19492916762828827
0.0,0.1922987699508667
0.0,0.18967270851135254
0.0,0.187083438038826
0.0,0.1845608949661255
0.0,0.18213026225566864
0.0,0.1797599345445633
0.0,0.17735174298286438
0.0,0.17496894299983978
0.0,0.1727362871170044
0.0,0.17062200605869293
0.0,0.1685209423303604
0.0,0.16643135249614716
0.0,0.16432294249534607
0.0,0.16229239106178284
0.0,0.16030359268188477
0.0,0.15832261741161346
0.0,0.1564120203256607
0.0,0.15457133948802948
0.0,0.15276426076889038
0.0,0.15098899602890015
0.0,0.14924511313438416
0.0,0.14753025770187378
0.0,0.14577904343605042
0.0,0.14405731856822968
0.0,0.14239470660686493
0.0,0.1407257616519928
0.0,0.13908115029335022
0.0,0.1374933272600174
0.0,0.13595910370349884
0.0,0.13444504141807556
0.0,0.1329498440027237
0.0,0.1315038651227951
0.0,0.13007420301437378
0.0,0.12872405350208282
0.0,0.1274183690547943
0.0,0.12612318992614746
0.0,0.12487011402845383
0.0,0.12359299510717392
0.0,0.12232460081577301
0.0,0.12103216350078583
0.0,0.1197160854935646
0.0,0.11840932071208954
0.0,0.11711090058088303
0.0,0.11591756343841553
0.0,0.11476082354784012
0.0,0.11360715329647064
0.0,0.11252067983150482
0.0,0.11146662384271622
0.0,0.11044397950172424
0.0,0.10948440432548523
0.0,0.1085522472858429
0.0,0.1076146736741066
0.0,0.10670406371355057
0.0,0.10581937432289124
0.0,0.10495928674936295
0.0,0.10405831784009933
0.0,0.10324758291244507
0.0,0.1025218740105629
0.0,0.10178542137145996
0.0,0.10106708854436874
0.0,0.10036786645650864
0.0,0.0
0.0,0.0
0.0,0.0
0.0,0.0
0.0,0.0
0.0,0.0
0.0,0.0
0.0,0.0
0.0,0.0
0.0,0.0
0.0,0.0
0.0,0.0
0.0,0.0
0.0,0.0
0.0,0.0
0.0,0.0
0.0,0.0
0.0,0.0
0.0,0.0
0.0,0.0
0.0,0.0
0.0,0.0
0.0,0.0
0.0,0.0
0.0,0.0
0.0,0.0
0.0,0.0
0.0,0.0
0.0,0.0
0.0,0.0
0.0,0.0
0.0,0.0
0.0,0.0
0.0,0.0
0.0,0.0
0.0,0.0
0.0,0.0
0.0,0.0
0.0,0.0
0.0,0.0
0.0,0.0
0.0,0.0
0.0,0.0
0.0,0.0
0.0,0.0
0.0,0.0
0.0,0.0
0.0,0.0
0.0,0.0
0.0,0.0
0.0,0.0
0.0,0.0
0.0,0.0
0.0,0.0
0.0,0.0
0.0,0.0
0.0,0.0
0.0,0.0
0.0,0.0
0.0,0.0
0.0,0.0
0.0,0.0
0.0,0.0
0.0,0.0
0.0,0.0
0.0,0.0
0.0,0.0
0.0,0.0
0.0,0.0
0.0,0.0
0.0,0.0
0.0,0.0
0.0,0.0
0.0,0.0
0.0,0.0
0.0,0.0
0.0,0.0
0.0,0.0
0.0,0.0
0.0,0.0
0.0,0.0
0.0,0.0
0.0,0.0
0.0,0.0
0.0,0.0
0.0,0.0
0.0,0.0
0.0,0.0
0.0,0.0
0.0,0.0
0.0,0.0
0.0,0.0
0.0,0.0
0.0,0.0
0.034712374210357666,0.0
0.042439479380846024,0.0
0.04572610557079315,0.0
0.040277235209941864,0.0
0.030574148520827293,0.0
0.029749134555459023,0.0
0.04203343018889427,0.10022906959056854
0.04980923980474472,0.10062957555055618
0.053143613040447235,0.10108038038015366
0.05210097134113312,0.10154743492603302
0.05546088144183159,0.10199834406375885
0.05880187451839447,0.10246589779853821
0.06212584301829338,0.10294964909553528
0.0523567870259285,0.10344909131526947
0.05147133022546768,0.10386718809604645
0.05498243495821953,0.10427124798297882
0.04975228011608124,0.10469383001327515
0.044619932770729065,0.1050700843334198
0.04394059255719185,0.10540150851011276
0.03893176466226578,0.10572192072868347
0.03401174023747444,0.10599945485591888
0.024817639961838722,0.10623551160097122
0.015765562653541565,0.10639926046133041
0.011207487434148788,0.1064930334687233
0.006718310993164778,0.10655136406421661
0.0,0.10657535493373871
0.0,0.1065339744091034
0.0,0.10642915219068527
0.0,0.10629525780677795
0.0,0.10610098391771317
0.0,0.10581585764884949
0.0,0.10547502338886261
0.0,0.10511244088411331
0.0,0.1047288030385971
0.0,0.10432464629411697
0.0,0.10390057414770126
0.0,0.1034248024225235
0.0,0.10286679118871689
0.0,0.10222890973091125
0.0,0.10151343792676926
0.0,0.10072335600852966
0.0,0.0
0.0,0.0
0.0,0.0
0.0,0.0
0.0,0.0
0.0,0.0
0.0,0.0
0.0,0.0
0.0,0.0
0.0,0.0
0.0,0.0
0.0,0.0
0.0,0.0
0.0,0.0
0.0,0.0
0.0,0.0
0.0,0.0
0.0,0.0
0.0,0.0
0.0,0.0
0.0,0.0
0.0,0.0
0.0,0.0
0.0,0.0
0.0,0.0
0.0,0.0
0.0,0.0
0.0,0.0
0.0,0.0
0.0,0.0
0.0,0.0
0.0,0.0
0.0,0.0
0.0,0.0
0.0,0.0
0.0,0.0
0.0,0.0
0.0,0.0
0.0,0.0
0.0,0.0
0.0,0.0
0.0,0.0
0.0,0.0
0.0,0.0
0.0,0.0
0.0,0.0
0.0,0.0
0.0,0.0
0.0,0.0
0.0,0.0
0.0,0.0
0.0,0.0
0.0,0.0
0.0,0.0
0.0,0.0
0.0,0.0
0.0,0.0
0.0,0.0
0.0,0.0
0.0,0.0
0.0,0.0
0.0,0.0
0.0,0.0
0.0,0.0
0.0,0.0
0.0,0.0
0.0,0.0
0.0,0.0
0.0,0.0
0.0,0.0
0.0,0.0
0.0,0.0
0.0,0.0
0.0,0.0
0.0,0.0
0.0677979439496994,0.0
0.07433285564184189,0.0
0.0764719769358635,0.0
0.08735580742359161,0.0
0.10250319540500641,0.0
0.1087823435664177,0.0
0.11068019270896912,0.0
0.12133555859327316,0.0
0.12319118529558182,0.0
0.1294489949941635,0.0
0.13568836450576782,0.0
0.1331927627325058,0.0
0.13080254197120667,0.0
0.1328723132610321,0.0
0.13933855295181274,0.0
0.13706238567829132,0.0
0.1305254101753235,0.0
0.12414328008890152,0.0
0.1179099753499031,0.0
0.11181861162185669,0.0
0.10586366802453995,0.0
0.09568043053150177,0.0
0.08132421970367432,0.0
0.06720569729804993,0.0
0.05767383426427841,0.0
0.04394052177667618,0.0
0.03041752427816391,0.09257150441408157
0.017096206545829773,0.0926007628440857
0.0,0.09253229945898056
0.0,0.0
0.0,0.0
0.0,0.0
0.0,0.0
0.0,0.0
0.0,0.0
0.0,0.0
0.0,0.0
0.0,0.0
0.0,0.0
0.0,0.0
0.0,0.0
0.0,0.0
0.0,0.0
0.0,0.0
0.0,0.0
0.0,0.0
0.0,0.0
0.0,0.0
0.0,0.0
0.0,0.0
0.0,0.0
0.0,0.0
0.0,0.0
0.0,0.0
0.0,0.0
0.0,0.0
0.0,0.0
0.0,0.0
0.0,0.0
0.0,0.0
0.0,0.0
0.0,0.0
0.0,0.0
0.0,0.0
0.0,0.0
0.0,0.0
0.0,0.0
0.0,0.0
0.0,0.0
0.0,0.0
0.0,0.0
0.0,0.0
0.0,0.0
0.0,0.0
0.0,0.0
0.0,0.0
0.0,0.0
0.0,0.0
0.0,0.0
0.0,0.0
0.0,0.0
0.0,0.0
0.0,0.0
0.0,0.0
0.0,0.0
0.0,0.0
0.0,0.0
0.0,0.0
0.0,0.0
0.0,0.0
0.0,0.0
0.0,0.0
0.0,0.0
0.0,0.0
0.0,0.0
0.0,0.0
0.0,0.0
0.0,0.0
0.0,0.0
0.0,0.0
0.0,0.0
0.0,0.0
0.0,0.0
0.05735292285680771,0.0
0.06851090490818024,0.0
0.07520212233066559,0.0
0.07749313861131668,0.0
0.09288216382265091,0.0
0.1037522628903389,0.0
0.11017131805419922,0.0
0.11656320840120316,0.0
0.11857152730226517,0.0
0.1293351948261261,0.0
0.131296306848526,0.0
0.133297860622406,0.0
0.13969850540161133,0.0
0.1417182832956314,0.0
0.15249602496623993,0.0
0.15447445213794708,0.0
0.15649643540382385,0.0
0.14984267950057983,0.0
0.14770986139774323,0.0
0.14567187428474426,0.0
0.1480841338634491,0.08154483884572983
0.13744661211967468,0.08246571570634842
0.12265827506780624,0.08326060324907303
0.10812894254922867,0.08393362909555435
0.09820716083049774,0.08452119678258896
0.08410287648439407,0.08499380946159363
0.07022862136363983,0.08535534143447876
0.043496787548065186,0.08551257103681564
0.025873618200421333,0.08553672581911087
0.012862449511885643,0.08546402305364609
0.0,0.08526556193828583
0.0,0.08500988036394119
0.0,0.0846661850810051
0.0,0.08420528471469879
0.0,0.08366294205188751
0.0,0.0830739438533783
0.0,0.08237509429454803
0.0,0.08163434267044067
0.0,0.0
0.0,0.0
0.0,0.0
0.0,0.0
0.0,0.0
0.0,0.0
0.0,0.0
0.0,0.0
0.0,0.0
0.0,0.0
0.0,0.0
0.0,0.0
0.0,0.0
0.0,0.0
0.0,0.0
0.0,0.0
0.0,0.0
0.0,0.0
0.0,0.0
0.0,0.0
0.0,0.0
0.0,0.0
0.0,0.0
0.0,0.0
0.0,0.0
0.0,0.0
0.0,0.0
0.0,0.0
0.0,0.0
0.0,0.0
0.0,0.0
0.0,0.0
0.0,0.0
0.0,0.0
0.0,0.0
0.0,0.0
0.0,0.0
0.0,0.0
0.0,0.0
0.0,0.0
0.0,0.0
0.0,0.0
0.0,0.0
0.0,0.0
0.0,0.0
0.0,0.0
0.0,0.0
0.0,0.0
0.0,0.0
0.0,0.0
0.0,0.0
0.0,0.0
0.0,0.0
0.0,0.0
0.0,0.0
0.0,0.0
0.0,0.0
0.0,0.0
0.0,0.0
0.0,0.0
0.0,0.0
0.0,0.0
0.0,0.0
0.0,0.0
0.0,0.0
0.0,0.0
0.0,0.0
0.0,0.0
0.0,0.0
0.0,0.0
0.0,0.0
0.0,0.0
0.0,0.0
0.0,0.0
0.0,0.0
0.05711790919303894,0.0
0.06836885213851929,0.0
0.07515062391757965,0.0
0.08188779652118683,0.0
0.08858257532119751,0.0
0.09523817896842957,0.0
0.10621563345193863,0.0
0.12145646661520004,0.0
0.12782889604568481,0.0
0.1341785043478012,0.0
0.13614873588085175,0.0
0.13380125164985657,0.0
0.13155430555343628,0.0
0.13376307487487793,0.0
0.12728634476661682,0.0
0.1253211796283722,0.0
0.12344185262918472,0.0
0.12164505571126938,0.0
0.12428665906190872,0.0
0.11822612583637238,0.0
0.11230210214853287,0.06946305930614471
0.10650929063558578,0.07016555219888687
0.1008414775133133,0.07081338763237
0.09093475341796875,0.07144079357385635
0.08556254208087921,0.0719517320394516
0.07593914121389389,0.07238257676362991
0.0664786696434021,0.07279998064041138
0.06153339892625809,0.07310811430215836
0.05667704716324806,0.07337475568056107
0.04754673317074776,0.07363379746675491
0.04291759058833122,0.07382091134786606
0.03836313262581825,0.07393869012594223
0.03388042375445366,0.07405317574739456
0.029466282576322556,0.07413283735513687
0.016399947926402092,0.07417870312929153
0.003516565542668104,0.07412740588188171
0.0,0.0739818885922432
0.0,0.07377736270427704
0.0,0.0734190121293068
0.0,0.07291156053543091
0.0,0.07235664129257202
0.0,0.0717877671122551
0.0,0.07123752683401108
0.0,0.07064078748226166
0.0,0.06999877840280533
0.0,0.0
0.0,0.0
0.0,0.0
0.0,0.0
0.0,0.0
0.0,0.0
0.0,0.0
0.0,0.0
0.0,0.0
0.0,0.0
0.0,0.0
0.0,0.0
0.0,0.0
0.0,0.0
0.0,0.0
0.0,0.0
0.0,0.0
0.0,0.0
0.0,0.0
0.0,0.0
0.0,0.0
0.0,0.0
0.0,0.0
0.0,0.0
0.0,0.0
0.0,0.0
0.0,0.0
0.0,0.0
0.0,0.0
0.0,0.0
0.0,0.0
0.0,0.0
0.0,0.0
0.0,0.0
0.0,0.0
0.0,0.0
0.0,0.0
0.0,0.0
0.0,0.0
0.0,0.0
0.0,0.0
0.0,0.0
0.0,0.0
0.0,0.0
0.0,0.0
0.0,0.0
0.0,0.0
0.0,0.0
0.0,0.0
0.0,0.0
0.0,0.0
0.0,0.0
0.0,0.0
0.0,0.0
0.0,0.0
0.0,0.0
0.033604901283979416,0.0
0.0411984920501709,0.0
0.04435552656650543,0.0
0.05185791477560997,0.0
0.05928792804479599,0.0
0.06664884090423584,0.0
0.06958475708961487,0.0
0.0812373012304306,0.0
0.08404967933893204,0.0
0.0825076699256897,0.0
0.08538999408483505,0.0
0.08827470242977142,0.0
0.08680310845375061,0.0
0.08975360542535782,0.0
0.08834606409072876,0.0
0.08699991554021835,0.0
0.09007184952497482,0.0
0.10621725022792816,0.0
0.10910096764564514,0.0
0.10763177275657654,0.0
0.10622891038656235,0.06427881866693497
0.10924886912107468,0.06500203162431717
0.11226977407932281,0.06573455780744553
0.11093297600746155,0.06647630035877228
0.10529924184083939,0.06719494611024857
0.10414464771747589,0.06785903871059418
0.09432701766490936,0.06850262731313705
0.08468235284090042,0.06906218081712723
0.07520350813865662,0.06954029947519302
0.07024227827787399,0.06993967294692993
0.06537266075611115,0.07029534131288528
0.06494900584220886,0.07060887664556503
0.06454848498106003,0.07091347873210907
0.0554521419107914,0.07121001929044724
0.042138926684856415,0.07143402844667435
0.033381350338459015,0.0715554729104042
0.02475040778517723,0.07161006331443787
0.01188170351088047,0.07160012423992157
0.007907581515610218,0.07149514555931091
0.0,0.0713626891374588
0.0,0.07113942503929138
0.0,0.07089228928089142
0.0,0.0705900639295578
0.0,0.07023417204618454
0.0,0.06985864788293839
0.0,0.06943175941705704
0.0,0.0690196231007576
0.0,0.06855706870555878
0.0,0.06801337003707886
0.0,0.06745554506778717
0.0,0.06681940704584122
0.0,0.06613954156637192
0.0,0.06541725248098373
0.0,0.0
0.0,0.0
0.0,0.0
0.0,0.0
0.0,0.0
0.0,0.0
0.0,0.0
0.0,0.0
0.0,0.0
0.0,0.0
0.0,0.0
0.0,0.0
0.0,0.0
0.0,0.0
0.0,0.0
0.0,0.0
0.0,0.0
0.0,0.0
0.0,0.0
0.0,0.0
0.0,0.0
0.0,0.0
0.0,0.0
0.0,0.0
0.0,0.0
0.0,0.0
0.0,0.0
0.0,0.0
0.0,0.0
0.0,0.0
0.0,0.0
0.0,0.0
0.0,0.0
0.0,0.0
0.0,0.0
0.0,0.0
0.0,0.0
0.0,0.0
0.0,0.0
0.0,0.0
0.0,0.0
0.0,0.0
0.0,0.0
0.0,0.0
0.0,0.0
0.0,0.0
0.0,0.0
0.0,0.0
0.0,0.0
0.0,0.0
0.0,0.0
0.0,0.0
0.0,0.0
0.0,0.0
0.0,0.0
0.0,0.0
0.0,0.0
0.0,0.0
0.0,0.0
0.0,0.0
0.0,0.0
0.0,0.0
0.0,0.0
0.0,0.0
0.0,0.0
0.0,0.0
0.0,0.0
0.0,0.0
0.0,0.0
0.0,0.0
0.0,0.0
0.0,0.0
0.0,0.0
0.0,0.0
0.0,0.0
0.0,0.0
0.0,0.0
0.0,0.0
0.0,0.0
0.0,0.0
0.0,0.0
0.0,0.0
0.0,0.0
0.0,0.0
0.0,0.0
0.0,0.0
0.0,0.0
0.0,0.0
0.0,0.0
0.0,0.0
0.0,0.0
0.0,0.0
0.0,0.0
0.0,0.0
0.0,0.0
0.0,0.0
0.0,0.0
0.0,0.0
0.0,0.0
0.0,0.0
0.0,0.0
0.0,0.0
0.0,0.0
0.0,0.0
0.0,0.0
0.0,0.0
0.0,0.0
0.0,0.0
0.0,0.0
0.0,0.0
0.0,0.0
0.0,0.0
0.0,0.0
0.0,0.0
0.0,0.0
0.0,0.0
0.0,0.0
0.0,0.0
0.0,0.0
0.0,0.0
0.0,0.0
0.0,0.0
0.0,0.0
0.0,0.0
0.0,0.0
0.0,0.0
0.0,0.0
0.0,0.0
0.0,0.0
0.0,0.0
0.0,0.0
0.0,0.0
0.0,0.0
0.0,0.0
0.0,0.0
0.0,0.0
0.0,0.0
0.0,0.0
0.0,0.0
0.0,0.0
0.0,0.0
0.0,0.0
0.0,0.0
0.0,0.0
0.0,0.0
0.0,0.0
0.0,0.0
0.0,0.0
0.0,0.0
0.0,0.0
0.0,0.0
0.0,0.0
0.0,0.0
0.0,0.0
0.0,0.0
0.0,0.0
0.0,0.0
0.0,0.0
0.0,0.0
0.0,0.0
0.0,0.0
0.0,0.0
0.0,0.0
0.0,0.0
0.0,0.0
0.0,0.0
0.0,0.0
0.0,0.0
0.0,0.0
0.0,0.0
0.0,0.0
0.0,0.0
0.0,0.0
0.0,0.0
0.0,0.0
0.0,0.0
0.0,0.0
0.0,0.0
0.0,0.0
0.0,0.0
0.0,0.0
0.0,0.0
0.0,0.0
0.0,0.0
0.0,0.0
0.0,0.0
0.0,0.0
0.0,0.0
0.0,0.0
0.0,0.0
0.0,0.0
0.0,0.0
0.0,0.0
0.0,0.0
0.0,0.0
0.0,0.0
0.0,0.0
0.0,0.0
0.0,0.0
0.0,0.0
0.0,0.0
0.0,0.0
0.0,0.0
0.0,0.0
0.0,0.0
0.0,0.0
0.0,0.0
0.0,0.0
0.0,0.0
0.0,0.0
0.0,0.0
0.0,0.0
0.0,0.0
0.0,0.0
0.0,0.0
0.0,0.0
0.0,0.0
0.0,0.0
0.0,0.0
0.0,0.0
0.0,0.0
0.0,0.0
0.0,0.0
0.0,0.0
0.0,0.0
0.0,0.0
0.0,0.0
0.0,0.0
0.0,0.0
0.0,0.0
0.0,0.0
0.0,0.0
0.0,0.0
0.0,0.0
0.0,0.0
0.0,0.0
0.0,0.0
0.0,0.0
0.0,0.0
0.0,0.0
0.0,0.0
0.0,0.0
0.0,0.0
0.0,0.0
0.0,0.0
0.0,0.0
0.0,0.0
0.0,0.0
0.0,0.0
0.0,0.0
0.0,0.0
0.0,0.0
0.0,0.0
0.0,0.0
0.0,0.0
0.0,0.0
0.0,0.0
0.0,0.0
0.0,0.0
0.0,0.0
0.0,0.0
0.0,0.0
0.0,0.0
0.0,0.0
0.0,0.0
0.0,0.0
0.0,0.0
0.0,0.0
0.0,0.0
0.0,0.0
0.0,0.0
0.0,0.0
0.0,0.0
0.017591111361980438,0.0
0.017002485692501068,0.0
0.020795533433556557,0.0
0.020190926268696785,0.0
0.015250969678163528,0.0
0.014753203839063644,0.0
0.01427458319813013,0.0
0.013814371079206467,0.0
0.017730891704559326,0.0
0.017245011404156685,0.0
0.021137278527021408,0.0
0.024987535551190376,0.0
0.024438796564936638,0.0
0.028271101415157318,0.0
0.032064925879240036,0.0
0.03582180663943291,0.0
0.03954359516501427,0.0
0.04323207214474678,0.0
0.03817087411880493,0.0
0.03320049121975899,0.0
0.028317000716924667,0.0
0.027875667437911034,0.0
0.031812477856874466,0.0
0.035707276314496994,0.0
0.03084404021501541,0.0
0.026063576340675354,0.0
0.021362274885177612,0.0
0.016737036406993866,0.0
0.003465705318376422,0.0
0.0,0.0
0.0,0.0
0.0005982633447274566,0.0
0.0005782445659860969,0.0
0.0,0.0
0.0,0.0
0.0,0.0
0.0,0.0
0.0,0.0
0.0,0.0
0.0,0.0
0.0,0.0
0.0,0.0
0.0,0.0
0.0,0.0
0.0,0.0
0.0,0.0
0.0,0.0
0.0,0.0
0.0,0.0
0.0,0.0
0.0,0.0
0.0,0.0
0.0,0.0
0.0,0.0
0.0,0.0
0.0,0.0
0.0,0.0
0.0,0.0
0.0,0.0
0.0,0.0
0.0,0.0
0.0,0.0
0.0,0.0
0.0,0.0
0.0,0.0
0.0,0.0
0.0,0.0
0.0,0.0
0.0,0.0
0.0,0.0
0.0,0.0
0.0,0.0
0.0,0.0
0.0,0.0
0.0,0.0
0.0,0.0
0.0,0.0
0.0,0.0
0.0,0.0
0.0,0.0
0.0,0.0
0.0,0.0
0.0,0.0
0.0,0.0
0.0,0.0
0.0,0.0
0.0,0.0
0.0,0.0
0.0,0.0
0.0,0.0
0.0,0.0
0.0,0.0
0.0,0.0
0.0,0.0
0.0,0.0
0.0,0.0
0.0,0.0
0.0,0.0
0.0,0.0
0.0,0.0
0.0,0.0
0.0,0.0
0.0,0.0
0.0,0.0
0.0,0.0
0.0,0.0
0.0,0.0
0.0,0.0
0.0,0.0
0.0,0.0
0.0,0.0
0.0,0.0
0.0,0.0
0.0,0.0
0.0,0.0
0.0,0.0
0.0,0.0
0.0,0.0
0.0,0.0
0.0,0.0
0.0,0.0
0.0,0.0
0.0,0.0
0.0,0.0
0.0,0.0
0.0,0.0
0.0,0.0
0.0,0.0
0.034961674362421036,0.0
0.04250986874103546,0.0
0.04562324658036232,0.0
0.04872462898492813,0.0
0.051815640181303024,0.0
0.050537705421447754,0.0
0.049311064183712006,0.0
0.06121083348989487,0.0
0.06861744821071625,0.0
0.0672394409775734,0.0
0.057201024144887924,0.0
0.04733807221055031,0.0
0.04636141285300255,0.0
0.032348163425922394,0.0
0.03163137659430504,0.0
0.026584412902593613,0.0
0.030343642458319664,0.0
0.029707375913858414,0.0
0.02909686230123043,0.0
0.028511110693216324,0.0
0.03230782970786095,0.0
0.04042646661400795,0.0
0.04409005865454674,0.0
0.0433635413646698,0.0
0.04266795888543129,0.0
0.046361152082681656,0.0
0.05438121780753136,0.0
0.053593069314956665,0.0
0.052839506417512894,0.0
0.043401509523391724,0.0
0.04719298705458641,0.0
0.04659029096364975,0.0
0.041655588895082474,0.015863792970776558
0.036807265132665634,0.016083650290966034
0.03640059754252434,0.01629655435681343
0.03165353089570999,0.016470488160848618
0.03134380280971527,0.016639020293951035
0.03540758043527603,0.016834616661071777
0.04378392547369003,0.017088714987039566
0.04769621789455414,0.017367225140333176
0.05156951770186424,0.01766941510140896
0.0554053820669651,0.017994653433561325
0.05920568108558655,0.018342137336730957
0.06297221034765244,0.018711337819695473
0.06670669466257095,0.019101621583104134
0.0616927295923233,0.01944778859615326
0.05677075311541557,0.01975131593644619
0.060654863715171814,0.020078368484973907
0.05578434467315674,0.020363712683320045
0.055358897894620895,0.020640399307012558
0.0549553744494915,0.020909396931529045
0.06329099088907242,0.021235398948192596
0.05408996343612671,0.021487602964043617
0.05375276505947113,0.021732792258262634
0.0534340925514698,0.021971523761749268
0.05749226361513138,0.022235801443457603
0.052789106965065,0.022460736334323883
0.04816555976867676,0.0226479172706604
0.04797716066241264,0.022829800844192505
0.04780113697052002,0.023007584735751152
0.04327797889709473,0.02314889058470726
0.034467991441488266,0.023222491145133972
0.030145686119794846,0.023262932896614075
0.030245235189795494,0.023303501307964325
0.025985341519117355,0.023312054574489594
0.021785443648695946,0.023289449512958527
0.013283771462738514,0.023204457014799118
0.00925652589648962,0.023091349750757217
0.0052782511338591576,0.0229509174823761
0.0,0.022719645872712135
0.0,0.02249697409570217
0.0,0.022282885387539864
0.0,0.022076351568102837
0.0,0.021813424304127693
0.0,0.021559713408350945
0.0,0.02128281071782112
0.0,0.02101588062942028
0.0,0.020758455619215965
0.0,0.02044535055756569
0.0,0.02011081762611866
0.0,0.0198198389261961
0.0,0.019571082666516304
0.0,0.01939540170133114
0.0,0.01925809495151043
0.0,0.019157830625772476
0.0,0.019028984010219574
0.0,0.018937010318040848
0.0,0.018880462273955345
0.0,0.018826181069016457
0.0,0.018806274980306625
0.00434583704918623,0.018787330016493797
0.004371361341327429,0.018801532685756683
3.77257056243252e-05,0.018815746530890465
0.00012338938540779054,0.018797477707266808
0.004565218463540077,0.018780136480927467
0.0045848689042031765,0.018795939162373543
0.004604618065059185,0.018811579793691635
0.008983494713902473,0.01882702298462391
0.00022497728059533983,0.01887461170554161
0.0,0.01885645091533661
0.0,0.018806904554367065
0.0006255486514419317,0.018759291619062424
0.0006953190895728767,0.01874578557908535
0.005121865775436163,0.01873300038278103
0.013844513334333897,0.01875319704413414
0.026806458830833435,0.018837574869394302
0.03959300369024277,0.019016386941075325
0.0522129125893116,0.01928652450442314
0.055955447256565094,0.01964523084461689
0.068384550511837,0.020025232806801796
0.07194569706916809,0.02049039676785469
0.07548440247774124,0.02097347192466259
0.07900197058916092,0.02147442102432251
0.08685865998268127,0.021991973742842674
0.09027684479951859,0.022558551281690598
0.10239865630865097,0.0231404360383749
0.10566780716180801,0.02380169741809368
0.10457056760787964,0.02447514608502388
0.10788610577583313,0.025128431618213654
0.11555157601833344,0.02579480968415737
0.11443102359771729,0.026505883783102036
0.1177254244685173,0.027196206152439117
0.12101320922374725,0.027898568660020828
0.1199360117316246,0.028613146394491196
0.1189139261841774,0.029306944459676743
0.11794482916593552,0.02998019941151142
0.11266764253377914,0.030634980648756027
0.11185886710882187,0.03123885579407215
0.11109444499015808,0.03182629495859146
0.11037267744541168,0.03239821270108223
0.1053328812122345,0.032953955233097076
0.1003929004073143,0.03346303477883339
0.09990750998258591,0.03392709419131279
0.09073549509048462,0.034378666430711746
0.08607277274131775,0.034755438566207886
0.09021172672510147,0.03509054332971573
0.08995082974433899,0.03545084968209267
0.0897115096449852,0.03580310195684433
0.08949293196201324,0.03614746779203415
0.084935262799263,0.036484308540821075
0.0804571658372879,0.036781784147024155
0.076055146753788,0.03704110160470009
0.07172585278749466,0.037263426929712296
0.05874837189912796,0.03745026886463165
0.04595768824219704,0.03753842040896416
0.028987040743231773,0.037529874593019485
0.016605980694293976,0.03739658743143082
0.004385244566947222,0.037174291908741
0.0,0.03686625510454178
0.0,0.036442436277866364
0.0,0.03593827039003372
0.0,0.03535684943199158
0.0,0.03470101207494736
0.0,0.033971235156059265
0.0,0.033203765749931335
0.0,0.03233418986201286
0.0,0.03143041953444481
0.0,0.030525770038366318
0.0,0.029587190598249435
0.0,0.028615979477763176
0.0,0.027677331119775772
0.0,0.026738077402114868
0.0,0.025829726830124855
0.0,0.024919304996728897
0.0,0.024038761854171753
0.0,0.02318691276013851
0.0,0.0223627258092165
0.0,0.0
0.0,0.0
0.0,0.0
0.0,0.0
0.0,0.0
0.0,0.0
0.0,0.0
0.0,0.0
0.0,0.0
0.0,0.0
0.0,0.0
0.0,0.0
0.0,0.0
0.0,0.0
0.0,0.0
0.0,0.0
0.0,0.0
0.0,0.0
0.0,0.0
0.0,0.0
0.0,0.0
0.0,0.0
0.0,0.0
0.0,0.0
0.0,0.0
0.0,0.0
0.0,0.0
0.0,0.0
0.0,0.0
0.0,0.0
0.0,0.0
0.0,0.0
0.0,0.0
0.0,0.0
0.0,0.0
0.03229960799217224,0.0
0.040107447654008865,0.0
0.04347170516848564,0.0
0.051174573600292206,0.0
0.054438818246126175,0.0
0.057687774300575256,0.0
0.06092207878828049,0.0
0.06850249320268631,0.0
0.08472823351621628,0.0
0.09204565733671188,0.0
0.09930337220430374,0.0
0.10214514285326004,0.0
0.11371111869812012,0.0
0.12080435454845428,0.0
0.12349052727222443,0.0
0.12619176506996155,0.019773432984948158
0.12454888224601746,0.02065896801650524
0.12733981013298035,0.02151636593043804
0.13014298677444458,0.022379115223884583
0.13295802474021912,0.02324710786342621
0.13142582774162292,0.024120444431900978
0.12560679018497467,0.024966659024357796
0.11991753429174423,0.02575487270951271
0.11435303092002869,0.026486771181225777
0.11326633393764496,0.02716444618999958
0.10787437111139297,0.027822168543934822
0.09823545813560486,0.02842840366065502
0.08876428008079529,0.028952443972229958
0.07945390045642853,0.029397131875157356
0.0790146067738533,0.029765043407678604
0.06552409380674362,0.03012314811348915
0.05223998799920082,0.030375542119145393
0.043511372059583664,0.030524907633662224
0.034910351037979126,0.0306074395775795
0.030790193006396294,0.0306249912828207
0.013649213127791882,0.030611829832196236
0.0011017514625564218,0.030472517013549805
0.0,0.030242756009101868
0.0,0.029958082363009453
0.0,0.029587745666503906
0.0,0.029198992997407913
0.0,0.02866329625248909
0.0,0.028049657121300697
0.0,0.027392758056521416
0.0,0.026693737134337425
0.0,0.026018448173999786
0.0,0.025365887209773064
0.0,0.02470310963690281
0.0,0.02402992732822895
0.0,0.02331451140344143
0.0,0.022590365260839462
0.0,0.02179296687245369
0.0,0.020989064127206802
0.0,0.0
0.0,0.0
0.0,0.0
0.0,0.0
0.0,0.0
0.0,0.0
0.0,0.0
0.0,0.0
0.0,0.0
0.0,0.0
0.0,0.0
0.0,0.0
0.0,0.0
0.0,0.0
0.0,0.0
0.0,0.0
0.0,0.0
0.0,0.0
0.0,0.0
0.0,0.0
0.0,0.0
0.0,0.0
0.0,0.0
0.0,0.0
0.0,0.0
0.0,0.0
0.0,0.0
0.0,0.0
0.0,0.0
0.0,0.0
0.0,0.0
0.0,0.0
0.0,0.0
0.0,0.0
0.0,0.0
0.0,0.0
0.025617700070142746,0.0
0.03356402739882469,0.0
0.041419316083192825,0.0
0.049188654869794846,0.0
0.056875843554735184,0.0
0.06012548878788948,0.0
0.06772065907716751,0.0
0.07524251192808151,0.0
0.08269472420215607,0.0
0.09008045494556427,0.0
0.09740385413169861,0.0
0.10030877590179443,0.0
0.10321778059005737,0.0
0.10177211463451385,0.0
0.10475011169910431,0.01870877481997013
0.10773059725761414,0.01944698952138424
0.10635451227426529,0.020193995907902718
0.10940064489841461,0.020917430520057678
0.10808811336755753,0.021650386974215508
0.10683674365282059,0.022360486909747124
0.11000321805477142,0.023048652336001396
0.11316585540771484,0.023747876286506653
0.11632522940635681,0.024458086118102074
0.11512286216020584,0.02517908625304699
0.11833737045526505,0.025878315791487694
0.11283013969659805,0.026588965207338333
0.10743949562311172,0.02724604494869709
0.10216087847948074,0.027852023020386696
0.0926305279135704,0.028407571837306023
0.08762233704328537,0.02888290397822857
0.07835110276937485,0.02931280806660652
0.06923138350248337,0.02966676838696003
0.06025686860084534,0.029947014525532722
0.05142148584127426,0.030155885964632034
0.047077324241399765,0.03029579110443592
0.042799390852451324,0.030401665717363358
0.03858470916748047,0.03047378547489643
0.030071387067437172,0.030513759702444077
0.021676471456885338,0.03049018420279026
0.013393811881542206,0.030405113473534584
0.005218602251261473,0.030260752886533737
0.0015052618691697717,0.030058229342103004
0.0,0.02983270026743412
0.0,0.02955162338912487
0.0,0.029216939583420753
0.0,0.028830314055085182
0.0,0.028393669053912163
0.0,0.027875706553459167
0.0,0.02734393998980522
0.0,0.02679836004972458
0.0,0.026239242404699326
0.0,0.02560255117714405
0.0,0.024922844022512436
0.0,0.024201378226280212
0.0,0.023439187556505203
0.0,0.022669872269034386
0.0,0.021893326193094254
0.0,0.021109694615006447
0.0,0.0
0.0,0.0
0.0,0.0
0.0,0.0
0.0,0.0
0.0,0.0
0.0,0.0
0.0,0.0
0.0,0.0
0.0,0.0
0.0,0.0
0.0,0.0
0.0,0.0
0.0,0.0
0.0,0.0
0.0,0.0
0.0,0.0
0.0,0.0
0.0,0.0
0.0,0.0
0.0,0.0
0.0,0.0
0.0,0.0
0.0,0.0
0.0,0.0
0.0,0.0
0.0,0.0
0.0,0.0
0.0,0.0
0.0,0.0
0.0,0.0
0.0,0.0
0.0,0.0
0.0,0.0
0.0,0.0
0.0,0.0
0.0,0.0
0.0,0.0
0.0,0.0
0.0,0.0
0.0,0.0
0.0,0.0
0.0,0.0
0.0,0.0
0.0,0.0
0.0,0.0
0.0,0.0
0.0,0.0
0.0,0.0
0.0,0.0
0.0,0.0
0.0,0.0
0.0,0.0
0.0,0.0
0.0,0.0
0.0,0.0
0.0,0.0
0.0,0.0
0.0,0.0
0.0,0.0
0.0,0.0
0.0,0.0
0.0,0.0
0.0,0.0
0.0,0.0
0.0,0.0
0.0,0.0
0.0,0.0
0.0,0.0
0.0,0.0
0.0,0.0
0.0,0.0
0.0,0.0
0.0,0.0
0.0,0.0
0.0,0.0
0.0,0.0
0.0,0.0
0.0,0.0
0.0,0.0
0.0,0.0
0.0,0.0
0.0,0.0
0.0,0.0
0.0,0.0
0.0,0.0
0.0,0.0
0.0,0.0
0.0,0.0
0.0,0.0
0.0,0.0
0.0,0.0
0.0,0.0
0.0,0.0
0.0,0.0
0.0,0.0
0.0,0.0
0.0,0.0
0.0,0.0
0.0,0.0
0.0,0.0
0.0,0.0
0.0,0.0
0.0,0.0
0.0,0.0
0.0,0.0
0.0,0.0
0.0,0.0
0.0,0.0
0.0,0.0
0.0,0.0
0.0,0.0
0.0,0.0
0.0,0.0
0.0,0.0
0.0,0.0
0.0,0.0
0.0,0.0
0.0,0.0
0.0,0.0
0.0,0.0
0.0,0.0
0.23862306773662567,0.0
0.2394760400056839,0.0
0.24487018585205078,0.0
0.25038009881973267,0.0
0.0,0.0
0.0,0.0
0.0,0.0
0.0,0.0
0.0,0.0
0.0,0.0
0.0,0.0
0.0,0.0
0.0,0.0
0.0,0.0
0.0,0.0
0.0,0.0
0.0,0.0
0.0,0.0
0.0,0.0
0.0,0.0
0.0,0.0
0.0,0.0
0.0,0.0
0.0,0.0
0.0,0.0
0.0,0.0
0.0,0.0
0.0,0.0
0.0,0.0
0.0,0.0
0.0,0.0
0.0,0.0
0.0,0.0
0.0,0.0
0.0,0.0
0.0,0.0
0.0,0.0
0.0,0.0
0.0,0.0
0.0,0.0
0.0,0.0
0.0,0.0
0.0,0.0
0.0,0.0
0.0,0.0
0.0,0.0
0.0,0.0
0.0,0.0
0.0,0.0
0.0,0.0
0.0,0.0
0.0,0.0
0.0,0.0
0.0,0.0
0.0,0.0
0.0,0.0
0.0,0.0
0.0,0.0
0.0,0.0
0.0,0.0
0.0,0.0
0.0,0.0
0.0,0.0
0.0,0.0
0.0,0.0
0.0,0.0
0.0,0.0
0.0,0.0
0.0,0.0
0.0,0.0
0.0,0.0
0.0,0.0
0.0,0.0
0.0,0.0
0.0,0.0
0.0,0.0
0.0,0.0
0.0,0.0
0.0,0.0
0.0,0.0
0.0,0.0
0.0,0.0
0.0,0.0
0.0,0.0
0.0,0.0
0.0,0.0
0.0,0.0
0.0,0.0
0.0,0.0
0.0,0.0
0.0,0.0
0.0,0.0
0.0,0.0
0.0,0.0
0.0,0.0
0.0,0.0
0.0,0.0
0.0,0.0
0.0,0.0
0.0,0.0
